{
  "sparsity_levels": [
    0,
    10,
    20,
    30,
    40,
    50,
    60,
    70,
    80,
    90,
    95,
    99
  ],
  "perplexity": [
    11.49320247684171,
    11.493775191448433,
    11.499194099978613,
    11.519296770319574,
    11.58037082859987,
    11.708231025433685,
    11.996115643367517,
    12.67586199225502,
    14.563217250746732,
    22.981051283882557,
    59.6702641814505,
    10900.377036036409
  ]
}