{
  "phase": "phase4_attn_topk10",
  "model_id": "meta-llama/Llama-3.2-1B-Instruct",
  "timestamp_utc": "2026-04-22T05:57:08.543944+00:00",
  "config": {
    "dtype": "float16",
    "attn_impl": "eager",
    "n_runs": 20,
    "n_tokens": 128,
    "n_prompts": 50,
    "seed": 0,
    "lock_clocks": false,
    "sample_interval_ms": 50
  },
  "energy": {
    "joules_per_token": {
      "mean": 2.04234296875,
      "ci_low": 2.028816015625,
      "ci_high": 2.055823046875,
      "n": 20
    },
    "total_energy_j": {
      "mean": 261.4199,
      "ci_low": 259.68845,
      "ci_high": 263.14535,
      "n": 20
    },
    "wallclock_s": {
      "mean": 3.0880626200000734,
      "ci_low": 3.0715664800001834,
      "ci_high": 3.1041039299999285,
      "n": 20
    },
    "mean_power_w": {
      "mean": 84.9637459831584,
      "ci_low": 84.56394967962277,
      "ci_high": 85.36530215009695,
      "n": 20
    },
    "peak_power_w": 88.605,
    "tokens_per_second": {
      "mean": 41.456114437290836,
      "ci_low": 41.24079077417049,
      "ci_high": 41.679162630249664,
      "n": 20
    }
  },
  "accuracy": {},
  "sparsity": {
    "target_mlp": null,
    "achieved_mlp_mean": null,
    "achieved_mlp_per_layer": null,
    "target_attn_top_k_frac": 0.1,
    "attention_sink_preserved": true,
    "quantization": null
  },
  "metadata": {
    "git_sha": "c9758df66729c944bf7ef9f6760e25412012286d",
    "git_dirty": true,
    "python_version": "3.12.7",
    "torch_version": "2.5.1+cu124",
    "gpu_name": "NVIDIA GeForce RTX 3060",
    "host": "DESKTOP-GPA5IUC",
    "transformers_version": "4.47.1",
    "cuda_version": "12.4",
    "driver_version": "560.94"
  }
}