{
  "phase": "phase3_quant",
  "model_id": "meta-llama/Llama-3.2-1B-Instruct",
  "timestamp_utc": "2026-04-22T05:37:34.239105+00:00",
  "config": {
    "dtype": "float16",
    "attn_impl": "eager",
    "n_runs": 20,
    "n_tokens": 128,
    "n_prompts": 50,
    "seed": 0,
    "lock_clocks": false,
    "sample_interval_ms": 50
  },
  "energy": {
    "joules_per_token": {
      "mean": 24.433686892361113,
      "ci_low": 24.383346831597223,
      "ci_high": 24.48356267361111,
      "n": 20
    },
    "total_energy_j": {
      "mean": 3025.4044000000004,
      "ci_low": 2820.8795,
      "ci_high": 3131.02145,
      "n": 20
    },
    "wallclock_s": {
      "mean": 24.034518005000244,
      "ci_low": 22.414690120000433,
      "ci_high": 24.855465570000526,
      "n": 20
    },
    "mean_power_w": {
      "mean": 125.94766763362561,
      "ci_low": 125.77107248537425,
      "ci_high": 126.12022733618838,
      "n": 20
    },
    "peak_power_w": 128.315,
    "tokens_per_second": {
      "mean": 5.627726489271272,
      "ci_low": 5.149790525251196,
      "ci_high": 6.57902939808776,
      "n": 20
    }
  },
  "accuracy": {},
  "sparsity": {
    "target_mlp": null,
    "achieved_mlp_mean": null,
    "achieved_mlp_per_layer": null,
    "target_attn_top_k_frac": null,
    "attention_sink_preserved": null,
    "quantization": {
      "method": "awq",
      "bits": 4,
      "group_size": 128
    }
  },
  "metadata": {
    "git_sha": "38b1c0c3955d7e765b08d77bf4eaf1b1d6443956",
    "git_dirty": true,
    "python_version": "3.12.7",
    "torch_version": "2.5.1+cu124",
    "gpu_name": "NVIDIA GeForce RTX 3060",
    "host": "DESKTOP-GPA5IUC",
    "transformers_version": "4.47.1",
    "cuda_version": "12.4",
    "driver_version": "560.94"
  }
}