{
  "phase": "phase1_kvcache_cache_on",
  "model_id": "meta-llama/Llama-3.2-1B-Instruct",
  "timestamp_utc": "2026-04-22T04:53:31.882169+00:00",
  "config": {
    "dtype": "float16",
    "attn_impl": "eager",
    "n_runs": 20,
    "n_tokens": 128,
    "n_prompts": 50,
    "seed": 0,
    "lock_clocks": false,
    "sample_interval_ms": 50
  },
  "energy": {
    "joules_per_token": {
      "mean": 1.9045703523218944,
      "ci_low": 1.8923406237034732,
      "ci_high": 1.916010505756579,
      "n": 20
    },
    "total_energy_j": {
      "mean": 240.85970000000003,
      "ci_low": 235.97235,
      "ci_high": 244.64785,
      "n": 20
    },
    "wallclock_s": {
      "mean": 2.7384435800001485,
      "ci_low": 2.6845761500000664,
      "ci_high": 2.778940650000095,
      "n": 20
    },
    "mean_power_w": {
      "mean": 88.19137823741058,
      "ci_low": 88.0169813358427,
      "ci_high": 88.36022069287144,
      "n": 20
    },
    "peak_power_w": 90.145,
    "tokens_per_second": {
      "mean": 46.82435534989779,
      "ci_low": 46.06543220557247,
      "ci_high": 47.85153389825666,
      "n": 20
    }
  },
  "accuracy": {
    "perplexity_wikitext2": 11.49,
    "hellaswag_acc": 0.4513,
    "hellaswag_acc_norm": 0.608
  },
  "sparsity": {
    "target_mlp": null,
    "achieved_mlp_mean": null,
    "achieved_mlp_per_layer": null,
    "target_attn_top_k_frac": null,
    "attention_sink_preserved": null,
    "quantization": null
  },
  "metadata": {
    "git_sha": "7e221b56feae78ca8e02d92c86532eae656c6198",
    "git_dirty": false,
    "python_version": "3.12.7",
    "torch_version": "2.5.1+cu124",
    "gpu_name": "NVIDIA GeForce RTX 3060",
    "host": "DESKTOP-GPA5IUC",
    "transformers_version": "4.47.1",
    "cuda_version": "12.4",
    "driver_version": "560.94"
  }
}