{
  "phase": "phase2_actsparse_40",
  "model_id": "meta-llama/Llama-3.2-1B-Instruct",
  "timestamp_utc": "2026-04-22T05:10:19.302649+00:00",
  "config": {
    "dtype": "float16",
    "attn_impl": "eager",
    "n_runs": 20,
    "n_tokens": 128,
    "n_prompts": 50,
    "seed": 0,
    "lock_clocks": false,
    "sample_interval_ms": 50
  },
  "energy": {
    "joules_per_token": {
      "mean": 1.9856279947916664,
      "ci_low": 1.9672203124999998,
      "ci_high": 2.004440625,
      "n": 20
    },
    "total_energy_j": {
      "mean": 248.55700000000002,
      "ci_low": 236.47215,
      "ci_high": 255.86525,
      "n": 20
    },
    "wallclock_s": {
      "mean": 2.8814560450003226,
      "ci_low": 2.7438581000004887,
      "ci_high": 2.96439244500034,
      "n": 20
    },
    "mean_power_w": {
      "mean": 86.56409712135263,
      "ci_low": 86.2091961543464,
      "ci_high": 86.89723049274467,
      "n": 20
    },
    "peak_power_w": 89.589,
    "tokens_per_second": {
      "mean": 45.11937346231527,
      "ci_low": 43.205080598790396,
      "ci_high": 48.55414291447332,
      "n": 20
    }
  },
  "accuracy": {},
  "sparsity": {
    "target_mlp": 0.4,
    "achieved_mlp_mean": 0.40501421409002397,
    "achieved_mlp_per_layer": [
      0.4038034513697342,
      0.4060684250015672,
      0.40888693913772567,
      0.4135783816292628,
      0.3991227833892302,
      0.39773568753134403,
      0.40656454225959127,
      0.4026551088813315,
      0.40613956126191075,
      0.4094177062437312,
      0.4103159086634905,
      0.40996916530842525,
      0.4034265883588265,
      0.402219720685494,
      0.4062224515342904,
      0.3941010041844283
    ],
    "target_attn_top_k_frac": null,
    "attention_sink_preserved": null,
    "quantization": null
  },
  "metadata": {
    "git_sha": "49b1ed2105e8671ecdf6e24da7ba18c89e8342f9",
    "git_dirty": true,
    "python_version": "3.12.7",
    "torch_version": "2.5.1+cu124",
    "gpu_name": "NVIDIA GeForce RTX 3060",
    "host": "DESKTOP-GPA5IUC",
    "transformers_version": "4.47.1",
    "cuda_version": "12.4",
    "driver_version": "560.94"
  }
}